id,fullname,book_id,bookstore_id
1,"Colt Moen II",555,7
2,"Mr. Graham Reilly",936,9
3,"Paolo Grimes DDS",697,8
4,"Mrs. Ashlynn Willms",116,2
5,"Ms. Dejah Prohaska",247,1
6,"Amaya Dibbert",326,1
7,"Geovanni Reynolds",725,3
8,"Prof. Marilie Kiehn",444,3
9,"Vita Schmeler",33,3
10,"Ofelia Rodriguez",257,2
11,"Orin Heller",770,5
12,"Prof. Seth Hegmann Sr.",530,10
13,"Cara Schulist",642,7
14,"Mr. Ignatius Borer Sr.",625,6
15,"Annette Rempel",457,8
16,"Selena Koss",429,7
17,"Ms. Francisca Schumm",360,3
18,"Ms. Melody Marks II",925,7
19,"Dandre Satterfield V",397,1
20,"Woodrow Feil",872,10
21,"Isabella Paucek",691,2
22,"Kamryn Crooks",261,6
23,"Prof. Willa Williamson",554,8
24,"Prof. Hallie Bailey II",1,5
25,"Prof. Vidal Cartwright DDS",282,5
26,"Keagan McCullough V",376,1
27,"Mr. Taylor Willms V",913,7
28,"Velva Purdy",565,5
29,"Carolanne Mann Sr.",599,7
30,"Mrs. Reyna Hoppe IV",565,8
31,"Ari Oberbrunner",387,3
32,"Stephany Baumbach Sr.",658,4
33,"Edward Pacocha",176,6
34,"Genoveva Streich V",275,9
35,"Easton Grady",589,3
36,"Drake Wunsch",23,3
37,"Ms. Madaline Kerluke",343,8
38,"Burley Bradtke",776,8
39,"Tina Barton II",918,9
40,"Saige Lemke III",172,7
41,"Prof. Fred Johnston I",670,2
42,"Ms. Leda Fritsch MD",723,6
43,"Mr. Jamel Romaguera",439,7
44,"Bud Konopelski Sr.",119,6
45,"Mrs. Deborah Schimmel I",119,2
46,"Jazlyn Kub",773,7
47,"Dr. Otto Strosin Jr.",508,1
48,"Myrtis Schuppe",718,4
49,"Keegan Windler",106,6
50,"Mr. Harry Dibbert",184,10
51,"Marco Green",152,7
52,"Dr. Diego Bechtelar",26,2
53,"Orie Barton",878,9
54,"Lonie Toy",719,7
55,"Garrett Wuckert",903,6
56,"Olga Treutel V",543,5
57,"Ms. Elinore Gorczany",516,9
58,"Tony Mosciski",795,6
59,"Vilma Hirthe",249,10
60,"Leola Frami",461,5
61,"Maggie Hirthe",36,7
62,"Ms. Jana McKenzie",904,8
63,"Theron McGlynn",285,2
64,"Mr. Caesar Bashirian",87,4
65,"Elisa Streich",913,9
66,"Mr. Joaquin Larson",897,4
67,"Curtis Funk",360,10
68,"Mathew Schumm III",439,3
69,"Ethelyn Dickens",583,7
70,"Josue Howe",541,2
71,"Mr. Erik Veum",452,3
72,"Deon Sauer",489,2
73,"Prof. Jillian Farrell I",373,5
74,"Maudie Lowe",92,8
75,"Javon Metz",189,10
76,"Mr. Ned Gerlach",696,10
77,"Fausto Jakubowski",179,2
78,"Leopoldo Hartmann Jr.",857,9
79,"Prof. Benny Lindgren II",748,4
80,"Alberto Becker",574,6
81,"Mrs. Roxane Padberg",378,9
82,"Aubrey Altenwerth",761,4
83,"Dr. Heber Douglas",937,6
84,"Trent Gaylord",786,1
85,"Mr. Julius Price I",727,10
86,"Dr. Napoleon Von",109,1
87,"Skyla Purdy",403,4
88,"Abdullah Jones",693,8
89,"Benny McLaughlin",106,7
90,"Aurore Stanton",89,8
91,"Catharine Gutmann",216,1
92,"Gaylord Olson Sr.",21,1
93,"Flavio Pfeffer V",694,8
94,"Adelia Dickinson",215,5
95,"Mr. Vinnie Morar MD",201,4
96,"Dr. Courtney Monahan",470,5
97,"Samir Cummerata",415,6
98,"Paul Lesch",356,2
99,"Camilla Robel MD",544,2
100,"Dr. Joyce Graham MD",955,5
101,"Lelia Abshire",762,9
102,"Ms. Kenna Bashirian",354,9
103,"Mrs. Sonia Kihn DDS",128,10
104,"Dr. Abigail Gislason MD",970,2
105,"Earlene Durgan",801,3
106,"Juana Trantow DVM",94,10
107,"Chelsea Walker",782,8
108,"Mr. Dudley Buckridge IV",350,4
109,"Gina Funk III",94,3
110,"Alta Terry",906,5
111,"Alvena Conn",336,5
112,"Chadrick Roob",62,2
113,"Kaitlin Lang",167,3
114,"Sunny Nienow",876,10
115,"Zelma Harber MD",877,5
116,"Miss Lyda Schoen",917,6
117,"Mr. Leopoldo Daugherty II",399,4
118,"Iliana Boyle",95,1
119,"Kailey Cummings Jr.",312,7
120,"Amber Gorczany V",185,10
121,"Clinton Kshlerin",866,6
122,"Antwon Dickens",195,2
123,"Dr. Zola Stoltenberg",390,10
124,"Mr. Gerardo Romaguera II",838,3
125,"Prof. Rashawn Leannon I",854,3
126,"Kip Volkman",660,5
127,"Dr. Jeff Boehm I",894,3
128,"Chaz Medhurst",51,1
129,"Deondre Reilly",34,10
130,"Prof. Aaliyah Larkin Jr.",985,7
131,"Chadrick Kohler",718,6
132,"Catherine Bernier II",77,9
133,"Jayda Maggio",94,5
134,"Jany Hilpert",769,10
135,"Vivianne Ankunding",468,3
136,"Mr. Marty Schulist DVM",457,1
137,"Rosella Kassulke",461,6
138,"Bud Gusikowski",751,6
139,"Sierra Stokes",106,6
140,"Magdalena Larkin",381,10
141,"Quincy Bahringer",181,10
142,"Hollie Wilkinson PhD",563,3
143,"Cordelia Barton",783,3
144,"Milan Breitenberg",880,7
145,"Dr. Audreanne Ernser DDS",793,5
146,"Miss Lilly Feest",359,7
147,"Toni Ebert",46,5
148,"Prof. Elton Jast",509,8
149,"Kenna Ernser Sr.",689,8
150,"Dr. Colt Fisher MD",473,4
151,"Connor Hermiston DVM",579,8
152,"Boris Nikolaus V",403,6
153,"Charlie Harvey",465,2
154,"Anibal Stracke",690,9
155,"Miss Martine Kunde DVM",317,6
156,"Edwardo Walter",268,2
157,"Abbey Prosacco",211,3
158,"Rachelle Ward",898,9
159,"Mariana Schneider",880,6
160,"Tressa Sipes",242,6
161,"Sterling Funk",16,6
162,"Elliott Metz",939,4
163,"Antonietta Bradtke",20,7
164,"Fae Schneider I",278,5
165,"Braden Bergstrom",46,2
166,"Prof. Marlee Gislason",143,6
167,"Mrs. Rae Turcotte",803,9
168,"Prof. Monserrat Steuber",98,5
169,"Orlo Kuhlman",696,1
170,"Alize Schroeder",248,6
171,"Therese Moore",528,10
172,"Dandre Frami II",840,6
173,"Coy Rempel",370,9
174,"Ms. Laury Jerde",412,4
175,"Anabelle Crist IV",242,3
176,"Yesenia Bins",497,2
177,"Pearline McCullough",4,1
178,"Jadyn Cruickshank",94,10
179,"Noe Baumbach DVM",44,1
180,"Teresa Roob",385,1
181,"Johnson Wisozk",466,2
182,"Karianne Orn",309,1
183,"Otilia Johns",949,9
184,"Prof. Ayana Monahan III",508,9
185,"Mr. Ezra Hoeger",871,3
186,"Dorcas Lehner",90,3
187,"Sophia Volkman",238,6
188,"Griffin Kassulke",842,10
189,"Darrel Moen",366,1
190,"Alexie Klocko",699,3
191,"Mr. Stevie Gislason I",282,6
192,"Karli Kerluke",714,10
193,"Mr. Javonte Gorczany II",233,7
194,"Jesse Schultz IV",656,5
195,"Dr. Rosemarie Hermiston PhD",241,1
196,"Kole Block",454,10
197,"Abby Feeney V",731,10
198,"Breanna Flatley",592,8
199,"Dr. Eden Senger",951,2
200,"Toby Goyette",874,4
201,"Arielle Sporer",4,10
202,"Halle Fadel",401,10
203,"Ivy Boehm IV",724,7
204,"Josefina Miller",70,6
205,"Prof. Courtney Johnson",30,10
206,"Garret Gerhold",957,6
207,"Jarrod Eichmann",983,4
208,"Dr. Wilson O'Hara",775,6
209,"Santa Champlin",30,1
210,"Monica Feeney",946,3
211,"Mrs. Veronica Yundt",837,8
212,"Marisa Haag",278,3
213,"Mrs. Kendra Stoltenberg",207,8
214,"Dallas Klocko",611,8
215,"Rene Hintz",41,10
216,"Cassidy Cassin",710,9
217,"Zackery Rolfson I",23,2
218,"Gabriel Bogisich",561,7
219,"Gretchen Mitchell",313,6
220,"Daisha Swaniawski",175,4
221,"Zoila Boyle",64,10
222,"Jovan Morar",662,8
223,"Catharine Brown",226,3
224,"Ona Schulist",227,2
225,"Miss Ona Ullrich II",249,1
226,"Hoyt Tromp",165,1
227,"Marianna Lowe Sr.",179,4
228,"Elva Paucek",479,1
229,"Marlon Cole",891,5
230,"Oral Schowalter",77,9
231,"Sydnee Walsh",15,7
232,"Ms. Cathrine Kertzmann I",669,4
233,"Joanne Weissnat IV",522,5
234,"Dr. Susie O'Keefe V",339,2
235,"Prof. Dave Kutch DVM",588,10
236,"Salma Altenwerth DDS",471,6
237,"Maximilian Gibson III",823,10
238,"Megane Considine",240,3
239,"Prof. Ludie Barton IV",764,6
240,"Mr. Niko Gulgowski I",292,2
241,"Kaylah Stoltenberg",691,5
242,"Evan Lesch",780,8
243,"Dr. Bell VonRueden",256,3
244,"Ms. Delia Thiel",864,2
245,"Clovis Ritchie Jr.",177,1
246,"Ibrahim Schiller",783,2
247,"Abigayle Friesen",360,1
248,"Raymundo Runte",699,10
249,"Hadley Von",87,1
250,"Leanna Oberbrunner",648,5
251,"Mr. Branson Bogisich",568,5
252,"Delaney Hahn PhD",95,8
253,"Kamron Trantow",749,2
254,"Prof. Derick McCullough",215,4
255,"Adrianna Morar",844,7
256,"Alexanne Tromp",17,4
257,"Dr. Selmer Ledner",391,1
258,"Annette Kuphal",361,8
259,"General Nienow",877,1
260,"Otto Bogan",327,4
261,"Keyon Hickle",862,8
262,"Dr. Anthony Legros",278,5
263,"Anderson Turcotte",941,10
264,"Dustin Runolfsdottir",993,9
265,"Mr. Camron Doyle IV",553,5
266,"Alisa Cartwright",759,3
267,"Lyda Aufderhar",402,6
268,"Jorge Zulauf DDS",776,3
269,"Dr. Elmo Mante",67,5
270,"Prof. Bobbie Johnston",605,10
271,"Dr. Dwight McGlynn",599,5
272,"Tristian Roob",597,3
273,"Prof. Mariana Bosco",956,4
274,"Sterling Johns",483,5
275,"Lesley Johnston",984,7
276,"Santos Schneider IV",308,4
277,"Janae Monahan I",443,3
278,"Domingo Hand",955,4
279,"Annabelle Farrell",833,6
280,"Tillman Reinger Sr.",20,1
281,"Bridget Murphy",628,7
282,"Trey Volkman V",809,4
283,"Dr. Alexane Jacobs",531,1
284,"Pauline Hirthe",504,10
285,"Shirley Wiza",345,3
286,"Lilly Pagac DVM",254,2
287,"Miss Yvette Harber",786,8
288,"Prof. Kamryn McGlynn DDS",226,9
289,"Felix Jones",602,2
290,"Myrtis Satterfield",800,6
291,"Baylee Ryan Jr.",661,9
292,"Eveline McCullough",884,10
293,"Asha Cormier",707,2
294,"Dr. Herminio Brekke Sr.",703,6
295,"Dr. Lolita Predovic",959,5
296,"Payton Carter",117,4
297,"Macie Dach Jr.",523,1
298,"Roxanne Gottlieb",890,9
299,"Mr. Brayan Tillman",407,5
300,"Dr. Helena Schamberger",371,2
301,"Dr. Rosella Conn III",148,7
302,"Prof. Derick Daugherty I",6,4
303,"Mr. Alvah Murphy DDS",439,4
304,"Marcia Ankunding",782,7
305,"Dr. Adam O'Reilly DDS",271,10
306,"Ms. Jailyn Windler MD",59,1
307,"Marlon Towne",253,3
308,"Laisha Connelly DDS",624,10
309,"Vernie Rowe",277,9
310,"Lina Zemlak",971,10
311,"Sonia Koch",860,7
312,"Mariano Rippin",591,3
313,"Nick Schneider",32,1
314,"George Wiegand",752,3
315,"Wilfredo Jast",487,2
316,"Madaline Reichert",573,3
317,"Alan O'Connell",491,4
318,"Nora Runte",366,4
319,"Lafayette Bednar",557,5
320,"Keon O'Kon",13,9
321,"Anibal Lubowitz III",405,10
322,"Miss Linnea Wuckert Jr.",342,4
323,"Melody Lemke",123,5
324,"Ms. Ora Wilderman III",49,9
325,"Julio Senger MD",532,8
326,"Mr. Mose Hermann PhD",771,2
327,"Concepcion Lakin IV",825,9
328,"Mrs. Mandy Langworth",447,9
329,"Dr. Fatima Stehr DVM",375,7
330,"Imelda Wiza",925,2
331,"Rylan Hyatt Jr.",992,8
332,"Petra Mraz",327,10
333,"Arnulfo Hessel",57,2
334,"Miss Ericka Kautzer",730,6
335,"Rigoberto Mraz",628,2
336,"Annette Conroy",560,3
337,"Prof. Clay Wilkinson",769,2
338,"Cecilia Hammes",210,7
339,"Ardella Ward",603,4
340,"Ignatius Yundt",185,8
341,"Dean Maggio",159,7
342,"Marianne Hahn",474,5
343,"Mrs. Michele Zulauf",886,7
344,"Mrs. Kirstin Feest I",843,2
345,"Rosalind Weissnat",115,1
346,"Marilie Jaskolski",203,6
347,"Prof. Jordy Kutch PhD",102,2
348,"Keyon Lesch",594,5
349,"Casper Emard",785,4
350,"Percival Ortiz",195,1
351,"Prof. Ana Krajcik",648,3
352,"Reanna Brakus",835,6
353,"Elena Frami Sr.",737,8
354,"Meggie Goyette",998,10
355,"Haley Walter",414,7
356,"Madelyn Gorczany",31,9
357,"Dr. Amani Jenkins",192,6
358,"Lavada Collier",259,4
359,"Magali Johnston",664,2
360,"Prof. Jarret O'Hara II",920,7
361,"Judge Lesch",811,4
362,"Verner Davis",839,4
363,"Orie Konopelski",269,2
364,"Dr. Katelin Senger",831,8
365,"Carol Konopelski",929,4
366,"Estrella Stamm",512,9
367,"Dr. Bernard Heaney",635,10
368,"Vaughn Kub",491,7
369,"Timothy McCullough",66,8
370,"Mrs. Lempi Mohr Jr.",251,10
371,"Miss Aliyah Reichert",582,4
372,"Sven Bogan",296,8
373,"Aaron Grady",608,2
374,"Mr. Hugh Predovic II",773,6
375,"Dr. Victor Mante V",238,8
376,"Madaline Dickens",686,1
377,"Miss Glenda Hagenes PhD",616,5
378,"Tre Marquardt V",971,3
379,"Ms. Ressie Luettgen",457,2
380,"Prof. Ron Halvorson V",895,10
381,"Conrad Bartell",905,9
382,"Isac Reinger",515,9
383,"Miss Reanna Morissette",364,6
384,"Miss Josephine Bauch MD",105,4
385,"Dr. Valerie Oberbrunner",218,6
386,"Brian Kautzer",706,9
387,"Breana Wilderman",796,4
388,"Zackery Borer",294,10
389,"Mr. Geovanni Leannon",539,10
390,"Amelie Wiegand",970,5
391,"Prof. Theresia Torp",841,9
392,"Prof. Corene Parisian Jr.",947,9
393,"Mr. Enrique Schumm PhD",544,5
394,"Tierra Crist",213,9
395,"Sim Blick",970,10
396,"Wilhelmine Vandervort",905,10
397,"Trystan Denesik",925,8
398,"Prof. Johnathon Carroll",662,10
399,"Murphy West",492,5
400,"Terrell Adams",632,8
401,"Vergie Predovic V",652,10
402,"Mr. Madyson Morar DVM",237,7
403,"Maia Bednar",885,2
404,"Thad Kuhn",65,1
405,"Addie Jacobson",128,10
406,"Rosalyn Rosenbaum PhD",308,1
407,"Prof. Rudolph Windler",594,6
408,"Mrs. Maye Von PhD",513,4
409,"Vivian Beahan",230,3
410,"Jessika Rowe",258,7
411,"Vincent Kunde",30,7
412,"Vita D'Amore",72,2
413,"Stella Cronin",73,6
414,"Percy Kassulke",944,1
415,"Ernie Renner",169,1
416,"Elda Dietrich",183,9
417,"Reva Walker",841,1
418,"Berry Ferry",115,3
419,"Carissa Roberts I",193,8
420,"Ashlynn Heidenreich",993,6
421,"Mrs. Cathy Bernier",469,4
422,"Kurtis Kertzmann",366,1
423,"Mr. Gay Herzog",943,6
424,"Kailyn Hane",906,6
425,"Maegan Hudson",110,2
426,"Gwendolyn Bernhard III",265,9
427,"Brandon Rosenbaum",278,7
428,"Prudence Gottlieb",694,8
429,"Prof. Markus Skiles",532,10
430,"Mertie Grimes",737,1
431,"Davonte Boehm V",71,5
432,"Mr. Wayne Toy",596,9
433,"Kiara Bechtelar",254,3
434,"Charley Kuphal",37,1
435,"Prof. Michale Ledner",702,9
436,"Shemar Swift",29,4
437,"Haylie Buckridge",707,8
438,"Corine Waelchi",655,3
439,"Nigel Bogan",127,4
440,"Mrs. Emely Stokes",394,9
441,"Alejandra Gibson Sr.",598,8
442,"Destinee Greenfelder",541,5
443,"Mr. Abdiel Swift",741,10
444,"Prof. Linda Wilkinson V",491,6
445,"Dr. Stefan Rath Sr.",884,8
446,"Dr. Benny Stracke PhD",447,1
447,"Dr. Rosie Schmeler",698,5
448,"Dr. Leopoldo Jacobi",781,7
449,"Aracely Bradtke",887,6
450,"Miss Emelia Schneider I",255,3
451,"Janelle Lebsack",20,2
452,"Gilda Bernhard",793,6
453,"Dr. Ozella Emmerich",481,5
454,"Libby Pacocha",948,7
455,"Patsy Murphy",55,2
456,"Keon Haag",474,4
457,"Maci Flatley",206,4
458,"Bobby Walker",588,10
459,"Jerry Nienow",780,9
460,"Ryann Rohan Sr.",156,2
461,"Kayden Dach III",784,1
462,"Ms. Aryanna Kuvalis V",328,3
463,"Lilly Rosenbaum Jr.",278,9
464,"Emmalee Strosin I",781,9
465,"Carleton Johnston",652,9
466,"Donavon O'Reilly",770,8
467,"Santos Boyle",723,1
468,"Alexane Rowe",404,2
469,"Mohammed Donnelly",29,4
470,"Efrain Towne",244,9
471,"Archibald Lind",185,10
472,"Hassie Buckridge",298,9
473,"Dora Ledner",558,5
474,"Katharina Turcotte DVM",205,9
475,"Cassandra Gottlieb",763,6
476,"Prof. Emerald Champlin",840,7
477,"Dr. Matteo Shields Sr.",938,6
478,"Mr. Keenan Bogan MD",916,5
479,"Carson Lowe",551,4
480,"Glennie Mills Jr.",94,10
481,"Mason Cummings",985,5
482,"Alfred Wuckert",293,2
483,"Ivah Hansen",245,7
484,"Miss Vivianne Swift",261,6
485,"Assunta Jaskolski",476,8
486,"Gonzalo Reichert",52,9
487,"Mathew Schumm",116,9
488,"Dorothea Cruickshank",576,8
489,"Dovie O'Keefe",195,3
490,"Lucinda Senger II",773,2
491,"Nelda Beier",221,8
492,"Mona Runolfsdottir",127,10
493,"Rubie Dare",54,8
494,"Kamren Stamm",565,9
495,"Marisol Denesik",125,3
496,"Cassandra O'Conner",35,2
497,"Sydnee Cruickshank",12,8
498,"Maryjane Marvin",792,10
499,"Dr. Zackary Bernier",865,2
500,"Nannie Crona",41,6
501,"Prof. Ross Reichert I",722,5
502,"Joanie Watsica",785,10
503,"Jane Oberbrunner",108,1
504,"Prof. Robb Johnston DDS",998,10
505,"Javonte Kemmer DVM",596,2
506,"Richard Swift I",579,8
507,"Arvid Cassin",302,5
508,"Marge Robel",794,10
509,"Kira Jacobi",805,7
510,"Alyson Satterfield",781,1
511,"Chesley McClure",922,2
512,"Annalise Wyman",181,7
513,"Hayden Brakus",620,3
514,"Mr. Dejon Stanton MD",363,4
515,"Fernando Dicki",471,5
516,"Aron Lind",802,1
517,"Felicia Klocko",861,4
518,"Jonathon Mraz V",483,9
519,"Prof. Elwyn Schoen",338,8
520,"Wayne Lockman",457,5
521,"Armand Walsh",803,7
522,"Prof. Corrine Douglas IV",498,10
523,"Verona Barton",875,3
524,"Alex Leffler",863,9
525,"Brandy Hand",533,4
526,"Moises Smith",763,7
527,"Salma Little",37,2
528,"Suzanne Jerde",641,7
529,"Flavie Schroeder",819,8
530,"Dr. Matilde Hegmann I",852,4
531,"Prof. Shaun Rippin",897,7
532,"Rozella Schroeder",467,7
533,"Norberto Wiegand",484,3
534,"Hermina Anderson",864,8
535,"Wilma Lynch",756,10
536,"Dusty Simonis",874,2
537,"Carson Casper",533,5
538,"Mrs. Chasity Donnelly DVM",126,8
539,"Jamaal Ruecker",430,6
540,"Casandra Pouros",857,3
541,"Russell Romaguera",45,5
542,"Claire Leffler V",931,2
543,"Prof. Melba Conn II",568,9
544,"Leo Feest",371,9
545,"Marcelina Goodwin",476,4
546,"Ms. Zelda Bergstrom IV",375,10
547,"Connor Zulauf",255,10
548,"Lisette Aufderhar",422,4
549,"Evalyn Weber",591,6
550,"Dr. Karli Bruen",840,3
551,"Mrs. Michelle Reichert",793,7
552,"Prof. Jarrell Ebert",327,10
553,"Dr. Garrett Mraz",42,10
554,"Francisco Brown",746,5
555,"Mrs. Anika Cronin I",524,9
556,"Destany Hane",855,7
557,"Angelina Bartell",445,2
558,"Mrs. Hulda Raynor",45,1
559,"Lesly Schulist V",376,4
560,"Dr. Josie Schmitt DDS",987,2
561,"Vicenta Torp",464,4
562,"Addie DuBuque",942,9
563,"Wilmer Bahringer II",699,2
564,"Daryl Reichel",900,1
565,"Taylor Price",978,6
566,"Prof. Norris Towne Sr.",963,1
567,"Israel Bartoletti",369,5
568,"Mr. Lucas Sawayn MD",595,10
569,"Chanelle Sauer",721,1
570,"Josue Balistreri II",52,10
571,"Malika Purdy",163,5
572,"Vivien Kessler",408,9
573,"Rhianna Harvey",569,10
574,"Agustin Streich III",491,6
575,"Dr. Imani Feest",105,2
576,"Merritt Padberg Jr.",712,9
577,"Marcelino Hahn",64,9
578,"Bert Heidenreich",883,3
579,"Mrs. Bonita Shanahan II",385,8
580,"Tracy Koepp V",935,2
581,"Ford Emmerich",121,10
582,"Prof. Erin Luettgen Jr.",559,10
583,"Yolanda Kirlin",809,5
584,"Mrs. Juliana Ernser Sr.",310,5
585,"Alysa Schulist",98,10
586,"Lauren Heaney",672,5
587,"Prof. Lilly Boehm I",95,7
588,"Ms. Heaven Durgan DVM",768,10
589,"Evalyn Rolfson DDS",942,9
590,"Dr. Nigel Donnelly Jr.",182,6
591,"Dr. Lavonne Lowe IV",527,9
592,"Sabina Cole",826,10
593,"Destiny Feeney",102,6
594,"Durward Emard Jr.",429,10
595,"Petra Bartell",681,4
596,"Freda O'Reilly",305,8
597,"Dr. Breanna O'Reilly",754,1
598,"Jace Upton",909,8
599,"Antonia Schinner",234,2
600,"Prof. Hal Huel V",320,10
601,"Karlee Harvey",585,1
602,"Dr. Sunny Green III",305,2
603,"Deven Dare",565,9
604,"Wilburn Lakin",376,1
605,"Maryam White",777,9
606,"Joelle Kozey",30,3
607,"Erin Lemke",758,10
608,"Dr. Jazmyne Sipes",966,4
609,"Roosevelt Abernathy II",962,2
610,"Lonie Schulist",484,8
611,"Darron Mertz",584,10
612,"Prof. Kaylah Ryan DDS",528,2
613,"Miles Balistreri II",595,2
614,"Brisa Schuppe",744,6
615,"Elmore Conroy",485,3
616,"Mateo Shanahan",341,8
617,"Nels Morissette",335,10
618,"Prof. Carmella Hagenes DDS",583,9
619,"Christ Rempel",391,6
620,"Dr. Clinton Morar",323,8
621,"Lea Ryan",898,5
622,"Assunta Murphy",487,2
623,"Russ Schmidt",95,4
624,"Miss Claudine Ernser MD",472,9
625,"Earl Thiel",662,10
626,"Baron Haley",251,5
627,"Retta Nikolaus",723,2
628,"Tatyana Barton",846,2
629,"Vanessa Huels",678,8
630,"Weldon Wehner",594,1
631,"Mabel Gottlieb",222,6
632,"Jean White DDS",977,9
633,"Prof. Russell Yost Sr.",444,6
634,"Esther Bartell",720,4
635,"Marlon Batz",430,6
636,"Mohammad Ondricka",717,4
637,"Madisyn Miller",105,10
638,"Mrs. Otha Spencer III",511,2
639,"Prof. Hubert Schoen",736,1
640,"Maritza Bogisich",139,5
641,"Miss Annamae Corkery PhD",921,10
642,"Jarret Bergstrom",116,1
643,"Milton Satterfield",824,10
644,"Tamia Leffler IV",892,2
645,"Mr. Sylvan Swaniawski Sr.",931,5
646,"Prof. Garland McDermott",131,1
647,"Jarrett Hansen",489,5
648,"Rebeka Hermiston",541,5
649,"Harry Rutherford DDS",340,7
650,"Prof. Sterling Sauer V",990,6
651,"Grover Zieme",568,1
652,"Dr. Barbara Ratke DVM",827,5
653,"Kendall Littel Sr.",191,7
654,"Scotty Sanford",145,8
655,"Adelia Bruen",188,3
656,"Mario Durgan",599,8
657,"Mathew Kihn",392,6
658,"Xzavier Becker DDS",448,10
659,"Norberto Weissnat DDS",402,3
660,"Vicky Osinski III",956,5
661,"Estell Nolan",588,9
662,"Bernardo Beatty",574,8
663,"Mr. Gennaro Anderson",66,3
664,"Retta Waelchi",388,3
665,"Lorna Mosciski",182,8
666,"Destiny Friesen",354,6
667,"Emilie Ryan",481,8
668,"Idell Mann DVM",253,3
669,"Chesley Kohler II",865,10
670,"Ulises Beahan",235,4
671,"Aurelie Marvin",946,2
672,"Mr. Theron Auer III",743,6
673,"Dr. Tatyana O'Connell IV",697,1
674,"Maxie Robel",170,8
675,"Dr. Rosemarie Mraz III",487,5
676,"Velda Reichert",867,3
677,"Kathleen Boyer",61,7
678,"Laurine Feest",545,5
679,"Ms. Rosie Bechtelar V",950,6
680,"Betty Lesch",976,9
681,"Ashlee Maggio Jr.",415,9
682,"Mr. Jaeden Renner",381,1
683,"Buford Dach",775,8
684,"Aleen Bernhard",15,4
685,"Emmet Jacobi",308,8
686,"Cristal Krajcik",482,2
687,"Christy Wiza",904,7
688,"Kole Bailey Jr.",996,8
689,"Prof. Loren Swift I",514,4
690,"Dr. Wilfred Erdman II",591,10
691,"Prof. Margarete Schmitt MD",669,10
692,"Davin Goodwin",439,4
693,"Eunice Runolfsson",956,10
694,"Lambert Rosenbaum",314,7
695,"Jayne Nienow III",16,9
696,"Jeffrey Kemmer DDS",487,2
697,"Wendy Hilpert",985,9
698,"Madilyn Veum",60,7
699,"Josefina Dibbert",50,5
700,"Mr. Reynold Kertzmann V",641,2
701,"Prof. Alexis Jenkins I",571,3
702,"Adele Brown",784,5
703,"Ms. Alexanne Smitham",673,5
704,"Kassandra Goyette",779,1
705,"Mrs. Marlen Mohr DDS",272,10
706,"Alberto Lind DDS",616,10
707,"Hermann Osinski I",503,4
708,"Mr. Christ Kassulke",680,1
709,"Mervin McGlynn",613,8
710,"Zita Upton",7,3
711,"Michel Cassin",960,6
712,"Orville Donnelly",534,8
713,"Arianna Grant",640,7
714,"Remington Tillman",365,1
715,"Miss Rae Kemmer",772,3
716,"Aliya Walker",761,2
717,"Paolo Jaskolski",548,8
718,"Mr. Spencer Ullrich MD",732,4
719,"Prof. Clifton Berge",270,4
720,"Rocio Robel",360,7
721,"Antonio Legros",807,1
722,"Zoe Haag",294,4
723,"Prof. Simeon Romaguera",598,3
724,"Loraine Waelchi",963,5
725,"Zora Hintz",803,10
726,"Maud Hauck",375,9
727,"Lionel Lang",482,10
728,"Shanel Cassin V",199,6
729,"Bobbie Terry",736,9
730,"Dixie Terry I",881,10
731,"Prof. Amanda Price",723,8
732,"Micah Gulgowski II",5,6
733,"Guadalupe O'Kon",308,8
734,"Saige Crona",164,6
735,"Kaya Streich",140,5
736,"Florence Grimes",560,8
737,"Wilhelm Reichert",159,10
738,"Dr. Torey Morar",845,2
739,"Dane Price",146,9
740,"Miss Shakira Howe I",973,4
741,"Autumn Reilly",94,1
742,"Myrl Wisozk MD",858,3
743,"Stanley Glover",84,3
744,"Jefferey Borer",856,5
745,"Mr. Esteban Hudson",453,2
746,"Mrs. Dorothy Rolfson",978,6
747,"Christopher Shanahan",15,10
748,"Roberta Cartwright",85,4
749,"Maverick Ebert III",176,8
750,"Cornelius Tillman",841,6
751,"Billie Reinger",308,8
752,"Mr. Dexter Pollich",684,10
753,"Marcus Collins",454,3
754,"Melyssa Hahn",411,7
755,"Jarvis Mohr",967,1
756,"Felicita Powlowski",235,1
757,"Orlando Bechtelar",50,5
758,"Adolf DuBuque",584,2
759,"Mrs. Carmella Muller I",277,9
760,"Milton McLaughlin",553,2
761,"Zena Crooks",264,4
762,"Dina Wisozk",730,3
763,"April Satterfield",160,9
764,"Rowan Dickinson",265,9
765,"Brennon Konopelski MD",183,2
766,"Dr. Adam Rutherford",971,1
767,"Jane Dicki",290,9
768,"Mr. Pete Klein II",825,1
769,"Augustus Dooley",248,5
770,"Mae Zboncak",764,6
771,"Colton Jenkins",184,2
772,"Nathanael Leffler Jr.",744,3
773,"Bradley Metz",275,1
774,"Corene Greenfelder",430,6
775,"Dr. Brain Daniel",326,10
776,"Dr. Oswald Padberg",375,9
777,"Delilah Smitham",707,7
778,"Coby Rohan",750,4
779,"Madge Rosenbaum IV",604,10
780,"Ruben Jerde",951,3
781,"Fern Lindgren V",232,4
782,"Eda DuBuque",81,6
783,"Prof. Devyn Kiehn II",180,10
784,"Britney Nolan",945,2
785,"Courtney Rodriguez",220,6
786,"Missouri Ankunding",5,9
787,"Ms. Shemar Kovacek",239,6
788,"Kyra Fahey",279,10
789,"Baylee Pfeffer",189,1
790,"Elbert Abernathy",865,5
791,"Abdiel Koepp",614,9
792,"Prof. Quincy Bashirian PhD",842,5
793,"Amari Kassulke DVM",771,5
794,"Jabari Paucek DDS",185,1
795,"Trycia Ferry",592,7
796,"Dr. Harrison Carroll",190,2
797,"Abe Osinski",222,2
798,"Raina Johnston",208,5
799,"Jennings Hayes",576,8
800,"Gino Powlowski",485,6
801,"Modesto Gislason",370,5
802,"Dr. Lorna Gutkowski V",399,7
803,"Alena Jaskolski",317,8
804,"Ms. Ozella Langosh",464,4
805,"Prof. Kip Stanton",578,3
806,"Jerod Fadel",763,9
807,"Maximilian Ebert DVM",484,3
808,"Cara Moore",695,3
809,"Miss Rosa Lockman",674,8
810,"Darrin Yost",449,6
811,"Prof. Marlon Strosin II",818,8
812,"Mr. Ramon Kilback",435,9
813,"Isaiah Jones",466,5
814,"Augusta Rodriguez",884,1
815,"Isac Swift",413,10
816,"Kayden Parker",880,3
817,"Dr. Alexis Ankunding I",487,8
818,"Noah Langosh",129,1
819,"Deangelo Stanton",941,1
820,"Cordia Rau",760,2
821,"Sabina Smith",378,10
822,"Prof. Federico Schinner II",707,2
823,"Dr. Wilber Becker DDS",594,3
824,"Elisha Mueller",528,5
825,"Dannie Schumm",873,9
826,"Kayleigh Tremblay IV",315,1
827,"Jeremy Parker",874,4
828,"Mrs. Lilian Moen III",64,2
829,"Keira Bergnaum",954,2
830,"Mr. Brenden Herman",551,9
831,"Ozella Hermann",690,6
832,"Dr. Lorena Wisozk IV",70,7
833,"Westley Yundt",777,4
834,"Luther McClure",898,10
835,"Mr. Marlin Green",120,9
836,"Mireya Medhurst",702,3
837,"Alford Harvey III",22,7
838,"Blanche Hudson",515,8
839,"Preston Barrows",667,10
840,"Presley Fay",962,3
841,"Prof. Lauryn Paucek Jr.",365,6
842,"Miss Betty Blick",397,2
843,"Rose Davis MD",951,6
844,"Amalia Herzog IV",910,4
845,"Madie Christiansen",504,5
846,"Mattie Runolfsson",602,3
847,"Jeffery Powlowski Sr.",146,9
848,"Else Ziemann",583,2
849,"Kattie Stamm",957,5
850,"Ara Vandervort",430,6
851,"Cade Konopelski",794,7
852,"Rosella Durgan I",231,5
853,"Marta Volkman",656,1
854,"Jose Kiehn",916,4
855,"Johan Cummings I",799,2
856,"Shayna Sanford",896,1
857,"Coty Turcotte",179,1
858,"Miss Adelia Thompson DDS",517,2
859,"Gaylord Keebler",903,9
860,"Ms. Verna Erdman",707,6
861,"Kenton Murray V",203,5
862,"Tavares Rowe",767,6
863,"Lester Herzog I",206,6
864,"Beryl Daugherty",286,7
865,"Mariam Walker",261,3
866,"Sheldon West IV",154,4
867,"Edwina Auer",853,3
868,"Terrance Walter DDS",988,2
869,"Tod Lubowitz II",853,2
870,"Dr. Celine Balistreri II",523,5
871,"Daphnee Green Sr.",176,6
872,"Kaleigh Goldner II",879,1
873,"Domenic Nolan Sr.",356,4
874,"Elinor Cruickshank MD",324,1
875,"Hulda Kling",880,6
876,"Arlo Herzog",112,5
877,"Stephanie Hyatt",673,9
878,"Dr. Dennis Mitchell IV",100,4
879,"Vella Bruen",520,3
880,"Prof. Doyle Jast II",530,10
881,"Hollis Wiegand",89,1
882,"Elisabeth Bode",95,5
883,"Mrs. Rossie Nolan MD",279,1
884,"Fiona Ryan MD",67,7
885,"Florencio Lemke",191,4
886,"Brock Padberg III",848,7
887,"Nat Bashirian",426,5
888,"Gussie Watsica",904,4
889,"Hallie Murazik",613,9
890,"Lenora Bode",323,10
891,"Jorge Johnston",568,1
892,"Bradford Rice",674,10
893,"Mary Grant",363,10
894,"Prof. Rylan Cremin",620,9
895,"Hank Grimes",867,7
896,"Maci Schneider",369,5
897,"Grayson Green",992,1
898,"Mrs. Carmen Hettinger",743,1
899,"Juwan Kreiger MD",961,10
900,"Adele Blick",958,5
901,"Trudie Gleason",121,1
902,"Dr. Brad Bednar",650,8
903,"Kylee Daniel",754,8
904,"Miss Alfreda Mraz Sr.",70,3
905,"Sierra Hoppe II",676,9
906,"Savanna Abshire",703,4
907,"Jaden Kozey",205,7
908,"Mr. Davin Conroy PhD",131,3
909,"Melyssa Beer DDS",310,3
910,"Liliana Mills",39,1
911,"Dayton Botsford",890,10
912,"Laverne DuBuque III",313,2
913,"Miss Sophia Considine Jr.",559,7
914,"Jillian West",820,1
915,"Miss Jacinthe Kutch III",676,2
916,"Pietro Simonis",465,5
917,"Ahmed Tromp",678,9
918,"Caesar Sporer",546,8
919,"Nils Spencer III",852,4
920,"Sherwood Morar",647,9
921,"Mariane Runte",371,7
922,"Lempi Wilkinson PhD",928,9
923,"Prof. Lamont Konopelski DDS",761,3
924,"Hailie Bosco",148,1
925,"Mr. Scottie Prohaska I",447,7
926,"Korbin Purdy",730,7
927,"Mr. Sigmund Lueilwitz",488,7
928,"Kobe Brown",322,3
929,"Margarette Wolff",268,10
930,"Alta Kiehn V",164,7
931,"Reilly Reilly",983,5
932,"Kenton Zieme",108,9
933,"Juwan Rowe",533,2
934,"Stanford Hansen",727,3
935,"Hailee Walsh",634,1
936,"Sheldon Schoen",617,7
937,"Harold Krajcik",217,8
938,"Marcelino Kovacek",508,7
939,"Ms. Elnora Zieme",709,2
940,"Mr. Lonnie Walker MD",378,2
941,"Gregory Hilpert",704,4
942,"Frances Ferry",195,9
943,"Marilou Mills",293,4
944,"Mrs. Yolanda Cronin Sr.",843,8
945,"Katelin Fay Sr.",545,6
946,"Jana McGlynn",251,5
947,"Maryjane Deckow I",818,9
948,"Ruthe Pouros",116,4
949,"Mckenzie Johnson",26,7
950,"Araceli Hoppe",693,8
951,"Brock Gerhold",134,3
952,"Dr. Giles Boyer DVM",185,7
953,"Ms. Lacy Lesch DDS",524,10
954,"Isaiah Sanford",271,10
955,"Bruce Heller I",355,4
956,"Audra Huel",702,2
957,"Prof. Rahsaan O'Hara",123,9
958,"Erwin Brakus",109,1
959,"Elouise Frami",542,9
960,"Isidro Streich MD",779,2
961,"Miss Carli Jenkins III",216,9
962,"Sydni Thompson",158,8
963,"Brennon Parker",829,5
964,"Mariam Russel",365,10
965,"Sammy Schroeder MD",572,3
966,"Angie Batz",768,5
967,"Lavon Hermiston",37,3
968,"Miss Claudie Kessler",964,8
969,"Ms. Yazmin Morar III",320,5
970,"Tiffany Goldner",599,5
971,"Araceli Schuppe",9,4
972,"Dr. Josianne Hammes DDS",756,7
973,"Dr. Taylor Friesen Sr.",904,2
974,"Tatum Medhurst",549,4
975,"Wilma Pfannerstill",222,10
976,"Vince Gleichner II",61,7
977,"Haleigh Boehm",363,9
978,"Mr. Kennedi Reichert",698,5
979,"Sidney Reilly",715,7
980,"Abigayle Hickle",795,5
981,"Raphaelle Halvorson",286,4
982,"Mr. Lucious Kling II",227,6
983,"Dr. Marcos Sporer DVM",737,8
984,"Grace Jenkins",243,3
985,"Albin Krajcik",534,4
986,"Mr. Baron Von",19,1
987,"Natasha Conn",817,7
988,"Johnpaul Terry",141,8
989,"Mack McClure IV",63,4
990,"Lelah Jenkins",373,4
991,"Vince West Sr.",550,4
992,"Hulda Casper",454,3
993,"Dr. Reinhold Torp Jr.",618,5
994,"Prof. Gordon Kulas",940,8
995,"Ahmed McGlynn",207,5
996,"Maximillia Waters",822,5
997,"Gino Gerhold",857,8
998,"Demond Konopelski Sr.",500,1
999,"Dr. Felton Kutch MD",613,2
1000,"Green Corwin",348,1
